--FACULTY

INSERT INTO FACULTY(NAME,STATUS) VALUES ('Facultad de Ciencias Básicas y de Educación', 1);
INSERT INTO FACULTY(NAME,STATUS) VALUES ('Facultad de Bellas Artes', 1);
INSERT INTO FACULTY(NAME,STATUS) VALUES ('Facultad de Ciencias de la Salud', 1);
INSERT INTO FACULTY(NAME,STATUS) VALUES ('Facultad de Ciencias Administrativas Contables y Económicas', 1);
INSERT INTO FACULTY(NAME,STATUS) VALUES ('Facultad de Ingenierías y Tecnologias', 1);
INSERT INTO FACULTY(NAME,STATUS) VALUES('Facultad de Derecho, Ciencias Políticas y Sociales', 1);

COMMIT;
--CAREER
INSERT INTO CAREER(CAREER_ID, NAME, FACULTY_ID, STATUS) VALUES ('102932', 'PSICOLOGIA', 6, 1);
INSERT INTO CAREER(CAREER_ID, NAME, FACULTY_ID, STATUS) VALUES ('106551', 'LICENCIATURA EN ARTES', 2, 1);
INSERT INTO CAREER(CAREER_ID, NAME, FACULTY_ID, STATUS) VALUES ('106620', 'LICENCIATURA EN EDUCACION FISICA, RECREACION Y DEPORTES', 1, 1);
INSERT INTO CAREER(CAREER_ID, NAME, FACULTY_ID, STATUS) VALUES ('106693', 'LICENCIATURA EN ESPAÑOL E INGLES', 1, 1);
INSERT INTO CAREER(CAREER_ID, NAME, FACULTY_ID, STATUS) VALUES ('106874', 'MUSICA', 1, 1);
INSERT INTO CAREER(CAREER_ID, NAME, FACULTY_ID, STATUS) VALUES ('107036', 'LICENCIATURA EN MATEMATICAS', 1, 1);
INSERT INTO CAREER(CAREER_ID, NAME, FACULTY_ID, STATUS) VALUES ('107334', 'LICENCIATURA EN LITERATURA Y LENGUA CASTELLANA', 1, 1);
INSERT INTO CAREER(CAREER_ID, NAME, FACULTY_ID, STATUS) VALUES ('11734', 'LICENCIATURA EN CIENCIAS NATURALES Y EDUCACION AMBIENTAL', 1, 1);
INSERT INTO CAREER(CAREER_ID, NAME, FACULTY_ID, STATUS) VALUES ('13976', 'ADMINISTRACION DE EMPRESAS', 4, 1);
INSERT INTO CAREER(CAREER_ID, NAME, FACULTY_ID, STATUS) VALUES ('1706', 'ENFERMERIA', 3, 1);
INSERT INTO CAREER(CAREER_ID, NAME, FACULTY_ID, STATUS) VALUES ('1708', 'CONTADURIA PUBLICA', 4, 1);
INSERT INTO CAREER(CAREER_ID, NAME, FACULTY_ID, STATUS) VALUES ('3237', 'INGENIERIA AGROINDUSTRIAL', 5, 1);
INSERT INTO CAREER(CAREER_ID, NAME, FACULTY_ID, STATUS) VALUES ('5095', 'INGENIERIA DE SISTEMAS', 5, 1);
INSERT INTO CAREER(CAREER_ID, NAME, FACULTY_ID, STATUS) VALUES ('5244', 'COMERCIO INTERNACIONAL', 4, 1);
INSERT INTO CAREER(CAREER_ID, NAME, FACULTY_ID, STATUS) VALUES ('6686', 'INSTRUMENTACION QUIRURGICA', 3, 1);
INSERT INTO CAREER(CAREER_ID, NAME, FACULTY_ID, STATUS) VALUES ('7093', 'ECONOMIA', 4, 1);
INSERT INTO CAREER(CAREER_ID, NAME, FACULTY_ID, STATUS) VALUES ('7094', 'INGENIERIA AMBIENTAL Y SANITARIA', 5, 1);
INSERT INTO CAREER(CAREER_ID, NAME, FACULTY_ID, STATUS) VALUES ('7095', 'INGENIERIA DE ELECTRONICA', 5, 1);
INSERT INTO CAREER(CAREER_ID, NAME, FACULTY_ID, STATUS) VALUES ('7800', 'DERECHO', 6, 1);
INSERT INTO CAREER(CAREER_ID, NAME, FACULTY_ID, STATUS) VALUES ('8444', 'MICROBIOLOGIA', 3, 1);
INSERT INTO CAREER(CAREER_ID, NAME, FACULTY_ID, STATUS) VALUES ('9480', 'SOCIOLOGIA', 6, 1);
COMMIT;
--MATTER
INSERT INTO MATTER(MATTER_ID, NAME, STATUS) VALUES ('MT104', 'CALCULO DIFERENCIAL', 1);
INSERT INTO MATTER(MATTER_ID, NAME, STATUS) VALUES ('MT301B', 'ALGEBRA LINEAL', 1);
INSERT INTO MATTER(MATTER_ID, NAME, STATUS) VALUES ('MT305B', 'ECUACIONES DIFERENCIALES ORDINARIAS', 1);
INSERT INTO MATTER(MATTER_ID, NAME, STATUS) VALUES ('MT402', 'ECUACIONES DIFERENCIALES', 1);
INSERT INTO MATTER(MATTER_ID, NAME, STATUS) VALUES ('MT403', 'ESTADISTICA DESCRIPTIVA E INFERENCIAL', 1);
INSERT INTO MATTER(MATTER_ID, NAME, STATUS) VALUES ('FS311', 'ELECTROMAGNETISMO', 1);
INSERT INTO MATTER(MATTER_ID, NAME, STATUS) VALUES ('ING301', 'METODOLOGIA DE LA INVESTIGACION', 1);
INSERT INTO MATTER(MATTER_ID, NAME, STATUS) VALUES ('MT304B', 'CALCULO MULTIVARIABLE', 1);
INSERT INTO MATTER(MATTER_ID, NAME, STATUS) VALUES ('MT307B', 'ESTADISTICA DESCRIPTIVA E INFERENCIAL', 1);
COMMIT;
--R_CAREER_MATTER
INSERT INTO R_CAREER_MATTER (MATTER_ID, CAREER_ID, STATUS) VALUES ('MT104', '5095', 1);
INSERT INTO R_CAREER_MATTER (MATTER_ID, CAREER_ID, STATUS) VALUES ('MT301B', '5095', 1);
INSERT INTO R_CAREER_MATTER (MATTER_ID, CAREER_ID, STATUS) VALUES ('MT305B', '5095', 1);
INSERT INTO R_CAREER_MATTER (MATTER_ID, CAREER_ID, STATUS) VALUES ('MT305B', '7094', 1);
INSERT INTO R_CAREER_MATTER (MATTER_ID, CAREER_ID, STATUS) VALUES ('MT402', '5095', 1);
INSERT INTO R_CAREER_MATTER (MATTER_ID, CAREER_ID, STATUS) VALUES ('MT403', '5095', 1);
INSERT INTO R_CAREER_MATTER (MATTER_ID, CAREER_ID, STATUS) VALUES ('MT403', '7094', 1);
INSERT INTO R_CAREER_MATTER (MATTER_ID, CAREER_ID, STATUS) VALUES ('FS311', '5095', 1);
INSERT INTO R_CAREER_MATTER (MATTER_ID, CAREER_ID, STATUS) VALUES ('ING301', '5095', 1);
INSERT INTO R_CAREER_MATTER (MATTER_ID, CAREER_ID, STATUS) VALUES ('MT304B', '5095', 1);
INSERT INTO R_CAREER_MATTER (MATTER_ID, CAREER_ID, STATUS) VALUES ('MT307B', '5095', 1);
COMMIT;
--USER_TYPE
INSERT INTO USER_TYPE (USER_TYPE_ID, DESCRIPTION, STATUS) VALUES (1, 'Estudiante', 1);
INSERT INTO USER_TYPE (USER_TYPE_ID, DESCRIPTION, STATUS) VALUES (2, 'Administrador', 1);
COMMIT;
--TEACHER
--SEMESTER_LOG
--R_TEACHER_MATTER

--COMMON_USER
COMMIT;